MolLogP,MolWt,NumRotatableBonds,AromaticProportion,logS
2.5954000000000006,167.85,0.0,0.0,-2.18
2.376500000000001,133.405,0.0,0.0,-2.0
2.5938,167.85,1.0,0.0,-1.74
2.0289,133.405,1.0,0.0,-1.48
2.9189,187.37500000000003,1.0,0.0,-3.04
1.81,98.96,0.0,0.0,-1.29
1.9352,96.944,0.0,0.0,-1.64
1.4054,118.176,4.0,0.0,-0.43
4.3002,215.894,0.0,0.6,-4.57
2.5654000000000003,132.20599999999996,0.0,0.6,-4.37
4.3002,215.894,0.0,0.6,-4.63
3.6468000000000007,181.449,0.0,0.6666666666666666,-4.0
2.611860000000001,120.195,0.0,0.6666666666666666,-3.2
4.7366,393.698,0.0,0.6,-6.98
4.3002,215.894,0.0,0.6,-5.56
2.9202800000000018,134.22199999999998,0.0,0.6,-4.59
3.974100000000001,314.802,0.0,0.6666666666666666,-4.5
3.6468000000000007,181.449,0.0,0.6666666666666666,-3.59
2.611860000000001,120.195,0.0,0.6666666666666666,-3.31
1.0978,110.11199999999998,0.0,0.75,0.62
3.2116000000000007,235.906,0.0,0.75,-3.5
1.7762,187.862,1.0,0.0,-1.68
2.9934000000000003,147.00399999999996,0.0,0.75,-3.05
1.464,98.96,1.0,0.0,-1.06
1.8525,112.987,1.0,0.0,-1.6
2.6495999999999995,170.92000000000002,1.0,0.0,-2.74
1.0594,118.176,5.0,0.0,-0.77
2.811400000000001,134.22199999999998,2.0,0.6,-3.28
1.503,168.10799999999995,2.0,0.5,-3.1
0.4051,58.08,0.0,0.0,-0.59
3.974100000000001,314.802,0.0,0.6666666666666666,-5.6
3.6468000000000007,181.449,0.0,0.6666666666666666,-4.48
2.611860000000001,120.19499999999998,0.0,0.6666666666666666,-3.4
1.4112,213.105,3.0,0.4,-2.89
1.0978,110.11199999999998,0.0,0.75,0.81
1.3584,54.09199999999999,1.0,0.0,-1.87
3.2116000000000007,235.906,0.0,0.75,-3.54
2.993400000000001,147.004,0.0,0.75,-3.04
1.8541,112.987,2.0,0.0,-1.62
0.4903,132.232,2.0,0.0,-1.46
1.9648,114.094,0.0,0.75,-2.0
3.456640000000002,156.22799999999998,0.0,0.8333333333333334,-4.29
1.503,168.10799999999995,2.0,0.5,-2.29
1.0978,110.11199999999998,0.0,0.75,-0.17
1.8926,80.12999999999998,0.0,0.0,-2.06
3.2116000000000007,235.906,0.0,0.75,-4.07
2.993400000000001,147.00400000000002,0.0,0.75,-3.27
2.811400000000001,134.22199999999998,2.0,0.6,-3.75
1.9648,114.094,0.0,0.75,-1.97
3.456640000000002,156.228,0.0,0.8333333333333334,-4.14
1.503,168.10799999999995,2.0,0.5,-3.39
1.7485,68.119,2.0,0.0,-2.09
3.456640000000002,156.228,0.0,0.8333333333333334,-4.678999999999999
2.1386000000000003,82.14599999999999,3.0,0.0,-2.68
2.7830000000000004,180.21,0.0,1.0,-2.68
2.7441000000000013,154.253,0.0,0.0,-1.74
4.269300000000004,302.4580000000001,0.0,0.0,-3.999
2.970200000000001,194.237,0.0,0.9333333333333332,-4.22
2.0373,137.01999999999998,1.0,0.0,-2.43
2.1814,137.01999999999998,2.0,0.0,-2.37
3.351700000000002,179.101,5.0,0.0,-4.43
2.9616000000000016,165.074,4.0,0.0,-3.81
3.6023000000000014,207.07,0.0,0.9090909090909092,-4.35
3.741800000000003,193.128,6.0,0.0,-5.06
2.571500000000001,151.047,3.0,0.0,-3.08
1.7913,122.993,1.0,0.0,-1.73
0.7787999999999999,74.12299999999999,2.0,0.0,0.0
1.5824,56.108,1.0,0.0,-1.94
1.0295999999999998,54.09199999999999,0.0,0.0,-1.24
1.6201,143.411,1.0,0.0,-1.32
1.8812,92.569,1.0,0.0,-2.0
2.0253,92.569,2.0,0.0,-2.03
3.1956000000000016,134.65,5.0,0.0,-4.0
2.805500000000001,120.623,4.0,0.0,-3.12
3.4932000000000016,162.61899999999997,0.0,0.9090909090909092,-3.93
2.415400000000001,106.596,3.0,0.0,-2.73
1.6352,78.542,1.0,0.0,-1.47
3.119400000000002,158.285,8.0,0.0,-3.63
3.923000000000004,140.26999999999998,7.0,0.0,-5.51
3.899600000000004,186.339,10.0,0.0,-4.8
3.4022000000000023,156.22799999999998,1.0,0.8333333333333334,-4.17
1.9491,116.204,5.0,0.0,-1.81
2.752700000000001,98.189,4.0,0.0,-3.73
2.1999000000000004,96.173,3.0,0.0,-3.01
5.460000000000006,242.44699999999992,14.0,0.0,-7.0
1.559,102.177,4.0,0.0,-1.24
2.3626000000000005,84.16199999999999,3.0,0.0,-3.23
1.3334,100.161,3.0,0.0,-0.59
1.8098,82.14599999999999,2.0,0.0,-2.36
2.2215,184.02,2.0,0.0,-2.96
3.3918000000000026,226.101,5.0,0.0,-4.81
3.4444000000000017,254.07,0.0,0.9090909090909092,-4.55
1.8314,169.993,1.0,0.0,-2.29
2.5067000000000004,96.17300000000002,0.0,0.0,-3.27
3.566220000000002,180.25000000000003,0.0,0.8571428571428571,-5.22
3.148220000000002,142.201,0.0,0.9090909090909092,-3.7
4.301420000000003,192.261,0.0,0.9333333333333332,-5.85
-0.9264,126.115,0.0,0.6666666666666666,-0.807
2.5454000000000008,144.17299999999997,0.0,0.9090909090909092,-2.22
2.4220000000000006,143.189,0.0,0.9090909090909092,-1.92
2.748000000000001,173.171,1.0,0.7692307692307693,-3.54
0.6731,89.09399999999998,2.0,0.0,-0.8
2.7293000000000016,144.258,7.0,0.0,-3.01
3.5329000000000024,126.243,6.0,0.0,-5.05
2.980100000000002,124.227,5.0,0.0,-4.24
6.240200000000008,270.50099999999986,16.0,0.0,-8.4
2.3392000000000013,130.23100000000002,6.0,0.0,-2.39
3.142800000000002,112.216,5.0,0.0,-4.44
2.5900000000000007,110.2,4.0,0.0,-3.66
5.069900000000006,228.41999999999996,13.0,0.0,-6.35
1.1689,88.14999999999999,3.0,0.0,-0.6
1.9725,70.135,2.0,0.0,-2.68
1.4197,68.11899999999999,1.0,0.0,-1.64
1.7399,122.16699999999996,1.0,0.6666666666666666,-0.92
0.3887,60.096,1.0,0.0,0.62
4.679800000000005,214.39299999999997,12.0,0.0,-5.84
9.8876,498.66200000000026,1.0,0.5454545454545454,-11.6
8.580799999999998,429.77200000000016,1.0,0.6,-9.16
7.274000000000001,360.88200000000006,1.0,0.6666666666666666,-8.01
8.580799999999998,429.77200000000016,1.0,0.6,-9.15
7.274000000000001,360.88200000000006,1.0,0.6666666666666666,-8.6
5.967200000000002,291.992,1.0,0.75,-7.28
7.9274,395.3270000000001,1.0,0.631578947368421,-7.92
7.9274,395.3270000000001,1.0,0.631578947368421,-8.94
7.274000000000001,360.88200000000006,1.0,0.6666666666666666,-7.68
6.620600000000001,326.437,1.0,0.7058823529411765,-7.21
6.620600000000001,326.437,1.0,0.7058823529411765,-7.43
7.274000000000001,360.88200000000006,1.0,0.6666666666666666,-7.42
5.967200000000002,291.9920000000001,1.0,0.75,-6.47
2.688500000000001,100.20499999999998,0.0,0.0,-4.36
7.274000000000001,360.88200000000006,1.0,0.6666666666666666,-8.56
7.274000000000001,360.88200000000006,1.0,0.6666666666666666,-8.71
5.967200000000002,291.992,1.0,0.75,-6.57
6.620600000000001,326.437,1.0,0.7058823529411765,-7.32
3.0786000000000016,114.232,1.0,0.0,-4.74
3.468700000000003,128.259,2.0,0.0,-5.05
5.967200000000002,291.992,1.0,0.75,-7.39
1.4149,102.17699999999998,2.0,0.0,-1.04
2.442500000000001,86.17799999999998,0.0,0.0,-3.55
2.832600000000001,100.20499999999998,1.0,0.0,-4.36
1.805,116.20399999999998,3.0,0.0,-1.52
1.0248,88.14999999999999,0.0,0.0,-0.4
4.660400000000002,223.102,1.0,0.8571428571428571,-5.27
7.274,360.88200000000006,1.0,0.6666666666666666,-7.82
7.9274,395.3270000000001,1.0,0.631578947368421,-7.66
7.274000000000001,360.88200000000006,1.0,0.6666666666666666,-7.39
6.620600000000001,326.437,1.0,0.7058823529411765,-7.8
6.620600000000001,326.437,1.0,0.7058823529411765,-7.92
5.967200000000002,291.992,1.0,0.75,-7.25
4.0058,231.893,0.0,0.5454545454545454,-3.15
4.005799999999999,231.893,0.0,0.5454545454545454,-3.1
5.313800000000001,257.547,1.0,0.8,-6.29
5.313800000000001,257.547,1.0,0.8,-6.26
3.3524000000000003,197.448,0.0,0.6,-2.67
2.9345000000000017,114.232,2.0,0.0,-4.8
4.0058,231.893,0.0,0.5454545454545454,-3.37
5.313800000000001,257.547,1.0,0.8,-6.01
3.3523999999999994,197.448,0.0,0.6,-2.67
3.3523999999999994,197.448,0.0,0.6,-2.64
2.901600000000001,192.00100000000003,1.0,0.5454545454545454,-3.48
2.699,163.003,0.0,0.6666666666666666,-1.3
2.1386000000000003,82.146,1.0,0.0,-2.4
2.2984,86.178,1.0,0.0,-3.65
3.456640000000002,156.22799999999998,0.0,0.8333333333333334,-4.72
2.688500000000001,100.20499999999998,2.0,0.0,-4.28
1.69844,107.156,0.0,0.75,0.38
5.313800000000001,257.547,1.0,0.8,-6.27
5.313800000000001,257.547,1.0,0.8,-6.25
3.3524000000000003,197.448,0.0,0.6,-2.21
5.313800000000001,257.547,1.0,0.8,-6.14
3.3523999999999994,197.448,0.0,0.6,-2.34
2.3174600000000005,136.194,0.0,0.6,-2.05
1.7196200000000006,227.132,3.0,0.375,-3.22
2.699,163.003,0.0,0.6666666666666666,-1.55
1.8034,116.20399999999998,2.0,0.0,-0.92
1.6593,116.20399999999998,2.0,0.0,-1.22
1.8675,114.18799999999996,2.0,0.0,-1.3
2.688500000000001,100.20499999999998,2.0,0.0,-4.26
2.00904,122.167,0.0,0.6666666666666666,-1.19
1.69844,107.156,0.0,0.75,0.38
1.8114200000000005,182.135,2.0,0.4615384615384615,-2.82
4.660400000000002,223.102,1.0,0.8571428571428571,-5.28
4.660400000000002,223.102,1.0,0.8571428571428571,-5.25
2.699,163.003,0.0,0.6666666666666666,-1.79
3.456640000000002,156.228,0.0,0.8333333333333334,-4.89
2.00904,122.167,0.0,0.6666666666666666,-1.29
1.69844,107.156,0.0,0.75,0.45
1.8114200000000005,182.135,2.0,0.4615384615384615,-3.0
4.660400000000003,223.102,1.0,0.8571428571428571,-5.21
2.8516400000000006,157.216,0.0,0.8333333333333334,-1.94
3.575200000000001,193.249,0.0,0.9333333333333332,-5.17
3.6023000000000014,207.07,0.0,0.9090909090909092,-4.4
3.6023000000000014,207.07,0.0,0.9090909090909092,-4.4
1.7897,122.993,0.0,0.0,-1.59
2.7575200000000013,171.03699999999998,0.0,0.75,-2.23
0.9854,72.107,1.0,0.0,0.52
0.7614000000000001,70.09100000000001,1.0,0.0,0.32
0.7953999999999999,118.176,5.0,0.0,-0.42
2.4138,106.596,1.0,0.0,-2.51
2.3486,142.58499999999998,1.0,0.6666666666666666,-2.46
4.007000000000002,188.657,1.0,0.9230769230769232,-4.54
2.0237,92.569,1.0,0.0,-1.96
3.4932000000000016,162.61899999999997,0.0,0.9090909090909092,-4.14
2.0456000000000003,128.558,0.0,0.75,-1.06
1.6336,78.542,0.0,0.0,-1.41
2.6484200000000007,126.586,0.0,0.75,-3.52
-1.2591199999999998,84.082,0.0,0.0,-0.31
3.3260000000000023,156.269,7.0,0.0,-3.3
1.644,107.15599999999998,1.0,0.75,0.51
1.4149,102.177,3.0,0.0,-1.17
2.1951000000000005,130.231,5.0,0.0,-2.11
2.3218000000000005,126.19899999999998,4.0,0.0,-2.46
1.6215,100.161,3.0,0.0,-1.52
2.401700000000001,128.21499999999995,5.0,0.0,-2.13
3.402200000000001,156.22799999999998,1.0,0.8333333333333334,-4.29
2.5574200000000005,120.19499999999996,1.0,0.6666666666666666,-3.21
1.9475,116.20399999999998,4.0,0.0,-1.55
2.1557000000000004,114.188,4.0,0.0,-1.45
1.5574,102.17699999999998,3.0,0.0,-0.89
1.7656,100.161,3.0,0.0,-0.8
0.1253999999999998,148.125,0.0,0.9090909090909092,-1.947
0.7871999999999999,95.101,0.0,0.8571428571428571,1.02
1.8298,169.993,0.0,0.0,-2.09
3.118420000000002,134.22199999999995,1.0,0.6,-3.76
0.4283999999999998,162.152,1.0,0.8333333333333334,-1.11
1.9725,70.13499999999999,0.0,0.0,-2.56
1.7485,68.11900000000001,1.0,0.0,-2.03
1.9725,70.13499999999999,1.0,0.0,-2.73
2.3626000000000005,84.16199999999999,2.0,0.0,-3.03
2.337600000000001,130.231,4.0,0.0,-1.72
1.9475,116.20399999999998,3.0,0.0,-1.08
1.5574,102.17699999999998,2.0,0.0,-0.49
1.4133,102.177,2.0,0.0,-0.7
4.301420000000002,192.261,0.0,0.9333333333333332,-6.96
1.1673,88.14999999999998,1.0,0.0,0.15
2.0524,72.151,1.0,0.0,-3.18
1.0248,88.14999999999999,2.0,0.0,-0.47
3.2227000000000023,114.232,4.0,0.0,-5.08
3.148220000000001,142.201,0.0,0.9090909090909092,-3.77
2.442500000000001,86.178,2.0,0.0,-3.74
1.4149,102.177,3.0,0.0,-1.11
4.301420000000003,192.261,0.0,0.9333333333333332,-5.84
1.70062,108.14,0.0,0.75,-0.62
0.6347,74.12299999999999,1.0,0.0,0.1
1.6623,58.124,0.0,0.0,-2.55
1.5824,56.108,0.0,0.0,-2.33
0.7282199999999999,146.153,0.0,0.9090909090909092,-0.12
1.1853,86.134,0.0,0.0,0.11
2.5454,144.17299999999997,0.0,0.9090909090909092,-2.28
0.6715,89.094,1.0,0.0,-0.62
2.727700000000002,144.258,6.0,0.0,-2.74
2.935900000000001,142.242,6.0,0.0,-2.58
2.337600000000001,130.231,5.0,0.0,-2.09
2.5458000000000007,128.21499999999995,5.0,0.0,-2.05
1.1673,88.14999999999999,2.0,0.0,-0.29
1.3755,86.13399999999999,2.0,0.0,-0.19
1.0577,138.16599999999997,3.0,0.6,-0.7
0.3871,60.096,0.0,0.0,0.43
-0.1036,85.10600000000001,0.0,0.0,1.07
3.5079000000000025,172.312,8.0,0.0,-2.94
1.4149,102.177,1.0,0.0,-0.5
1.4133,102.177,0.0,0.0,-0.62
1.6215,100.161,0.0,0.0,-0.72
2.832600000000001,100.20499999999998,2.0,0.0,-4.23
2.901600000000001,192.001,1.0,0.5454545454545454,-3.2
2.6990000000000007,163.003,0.0,0.6666666666666666,-1.25
2.00904,122.167,0.0,0.6666666666666666,-1.38
1.69844,107.156,0.0,0.75,0.36
4.660400000000002,223.102,1.0,0.8571428571428571,-6.39
2.699,163.003,0.0,0.6666666666666666,-1.34
2.00904,122.16699999999996,0.0,0.6666666666666666,-1.4
1.69844,107.15599999999998,0.0,0.75,0.38
2.782800000000001,352.39000000000004,6.0,0.4615384615384615,-5.071000000000001
2.3486,142.58499999999998,1.0,0.6666666666666666,-2.78
4.007000000000002,188.657,1.0,0.9230769230769232,-4.88
2.0456,128.558,0.0,0.75,-0.7
1.13888,89.525,1.0,0.0,-0.29
2.0025999999999997,324.33600000000007,4.0,0.5,-4.47
1.9475,116.204,3.0,0.0,-0.85
1.9475,116.20399999999998,4.0,0.0,-1.47
3.9531000000000023,394.471,9.0,0.4137931034482758,-6.301
1.5574,102.177,3.0,0.0,-0.8
1.7656,100.161,3.0,0.0,-0.83
3.5630000000000024,380.444,8.0,0.4285714285714285,-5.886
1.8098,82.14599999999999,0.0,0.0,-1.99
1.8284,70.135,1.0,0.0,-2.73
1.0232,88.14999999999999,1.0,0.0,-0.18
1.2314,86.13399999999999,1.0,0.0,-0.12
1.4149,102.177,3.0,0.0,-0.72
1.4149,102.177,3.0,0.0,-0.71
1.6215,100.161,2.0,0.0,-0.67
2.3376,130.23099999999997,4.0,0.0,-1.6
1.9475,116.20399999999998,3.0,0.0,-0.98
1.5574,102.17699999999998,2.0,0.0,-0.36
1.0248,88.14999999999999,2.0,0.0,-0.51
5.553220000000004,268.3589999999999,0.0,0.8571428571428571,-7.92
3.2227000000000023,114.232,4.0,0.0,-5.16
2.4763200000000003,131.17799999999997,0.0,0.9,-2.42
2.442500000000001,86.178,2.0,0.0,-3.68
1.7006199999999998,108.14,0.0,0.75,-0.68
2.3376,130.23099999999997,5.0,0.0,-1.98
4.343200000000004,408.498,10.0,0.4,-6.523
1.1673,88.15,2.0,0.0,-0.24
1.3755,86.134,2.0,0.0,-0.28
3.172900000000002,366.417,7.0,0.4444444444444444,-4.678
2.3927000000000005,338.36300000000006,5.0,0.48,-4.907
4.660400000000002,223.102,1.0,0.8571428571428571,-6.56
2.1547,173.009,0.0,0.75,-1.09
2.7575200000000013,171.03700000000003,0.0,0.75,-3.19
2.3486,142.585,1.0,0.6666666666666666,-2.78
2.0456,128.558,0.0,0.75,-0.7
2.6484200000000007,126.586,0.0,0.75,-3.08
2.5574200000000005,120.19499999999996,1.0,0.6666666666666666,-3.11
1.9475,116.204,4.0,0.0,-1.4
2.1557000000000004,114.188,4.0,0.0,-1.3
3.220600000000001,194.27399999999992,5.0,0.4285714285714285,-2.59
0.7871999999999999,95.10099999999998,0.0,0.8571428571428571,1.02
3.118420000000002,134.22199999999998,1.0,0.6,-3.77
0.4283999999999998,162.15200000000002,1.0,0.8333333333333334,-1.11
1.4133,102.17699999999998,2.0,0.0,-0.8
1.6215,100.161,2.0,0.0,-0.74
3.662020000000002,168.239,1.0,0.9230769230769232,-4.62
1.4149,102.177,3.0,0.0,-1.14
0.7282199999999999,146.15299999999996,0.0,0.9090909090909092,-0.466
1.5531999999999997,180.163,2.0,0.4615384615384615,-2.692
0.9449,86.134,3.0,0.0,-0.15
1.1050999999999993,224.26,3.0,0.0,-2.253
1.3510999999999993,238.287,3.0,0.0,-2.593
0.4909999999999996,208.217,4.0,0.0,-2.077
0.6507999999999994,212.249,2.0,0.0,-2.766
-0.6214000000000004,156.141,0.0,0.0,-1.742
2.271,148.205,0.0,0.5454545454545454,-1.99
5.763040000000004,256.348,0.0,0.9,-7.01
0.3248999999999995,196.206,3.0,0.0,-1.614
0.5708999999999995,210.233,3.0,0.0,-1.7080000000000002
-0.0652000000000003,182.179,2.0,0.0,-1.16
0.8664999999999998,244.25,3.0,0.3333333333333333,-2.369
1.1849999999999992,226.27599999999995,4.0,0.0,-2.658
0.4047999999999994,198.222,2.0,0.0,-2.148
0.7003999999999997,232.239,2.0,0.3529411764705882,-2.322
-0.7977000000000001,130.078,0.0,0.6666666666666666,-1.077
1.9404,145.161,0.0,0.9090909090909092,-2.54
-0.2313000000000005,170.16799999999998,1.0,0.0,-1.228
5.454620000000004,242.321,0.0,0.9473684210526316,-6.59
-0.3394800000000001,125.131,0.0,0.6666666666666666,-1.4580000000000002
2.935900000000001,142.242,6.0,0.0,-2.58
4.728400000000002,243.309,0.0,0.9473684210526316,-6.2
1.9404,145.161,0.0,0.9090909090909092,-2.16
0.4283999999999998,162.15200000000002,1.0,0.8333333333333334,-1.139
5.454620000000004,242.321,0.0,0.9473684210526316,-6.57
5.763040000000005,256.348,0.0,0.9,-7.02
0.4283999999999998,162.152,1.0,0.8333333333333334,-0.91
0.7282199999999998,146.153,0.0,0.9090909090909092,-0.8540000000000001
1.9403999999999997,145.16099999999997,0.0,0.9090909090909092,-2.42
4.609840000000004,206.288,0.0,0.875,-6.57
3.6986000000000017,194.233,0.0,0.9333333333333332,-4.73
4.301420000000003,192.261,0.0,0.9333333333333332,-5.89
5.630000000000004,466.47900000000016,10.0,0.4444444444444444,-6.237
2.938400000000001,154.21199999999996,0.0,0.8333333333333334,-4.63
3.3236000000000017,152.19599999999994,0.0,0.8333333333333334,-3.96
1.24,183.169,3.0,0.0,0.54
-0.5084,59.068,0.0,0.0,1.58
1.6449999999999998,135.16599999999997,1.0,0.6,-1.33
-0.8561000000000003,222.251,2.0,0.3846153846153846,-2.36
0.52988,41.053,0.0,0.0,0.26
1.8892,120.15099999999995,1.0,0.6666666666666666,-1.28
1.9493400000000003,293.34800000000007,3.0,0.55,-3.59
3.3880000000000017,179.22199999999998,0.0,1.0,-3.67
0.3712999999999999,56.064,1.0,0.0,0.57
0.6959799999999999,53.06399999999999,0.0,0.0,0.15
-0.0648999999999999,135.13,0.0,0.9,-2.12
3.2664000000000017,300.3980000000001,0.0,0.0,-3.48
2.9871000000000016,269.77199999999993,6.0,0.3333333333333333,-3.26
1.8457,360.4500000000001,3.0,0.0,-3.85
5.270200000000002,364.914,0.0,0.0,-6.307
-2.1798,158.117,1.0,0.0,-1.6
1.7553,162.27899999999997,5.0,0.0,-0.83
-0.3538,136.114,0.0,0.9,-2.266
-2.0785,142.07,0.0,0.0,-1.25
-4.819399999999998,286.156,1.0,0.0,-1.99
0.0696000000000001,210.285,3.0,0.4,-3.364
1.8456,227.337,5.0,0.4,-3.04
-3.1080199999999985,457.4320000000001,7.0,0.1875,-0.77
1.77922,208.261,2.0,0.4,-2.36
1.55042,231.299,2.0,0.6470588235294118,-0.364
0.7253000000000001,100.146,0.0,0.8333333333333334,-0.36
4.871880000000004,293.41400000000004,4.0,0.5454545454545454,-5.47
-0.6131000000000002,84.082,0.0,0.8333333333333334,0.522
1.1849999999999998,226.276,4.0,0.0,-2.468
1.0666200000000003,203.245,1.0,0.7333333333333333,-0.624
2.1311,256.30499999999995,4.0,0.631578947368421,-2.596
4.087400000000003,286.415,0.0,0.0,-3.69
3.959100000000003,290.447,0.0,0.0,-4.402
2.728300000000001,148.20499999999998,2.0,0.5454545454545454,-3.13
1.2688,93.129,0.0,0.8571428571428571,-0.41
4.331900000000004,367.86,7.0,0.2857142857142857,-4.432
1.6952,108.13999999999996,1.0,0.75,-1.85
3.993000000000002,178.23399999999995,0.0,1.0,-6.35
2.4620000000000006,208.216,0.0,0.75,-5.19
1.48442,188.23,1.0,0.7857142857142857,0.715
2.06422,300.3620000000001,2.0,0.2727272727272727,-3.5380000000000003
5.505100000000005,366.84400000000016,2.0,0.4615384615384615,-5.931
1.1322999999999996,211.269,5.0,0.4,-2.084
1.7770999999999997,215.688,4.0,0.4285714285714285,-3.85
2.0905,259.762,5.0,0.375,-1.716
4.102000000000002,182.226,2.0,0.8571428571428571,-4.45
1.0537,223.165,5.0,0.0,0.6509999999999999
3.130700000000001,258.104,2.0,0.375,-4.37
0.1587999999999993,184.195,2.0,0.0,-2.4
1.6254,421.4220000000001,3.0,0.4444444444444444,-3.59
4.148200000000004,335.28200000000004,7.0,0.2608695652173913,-5.53
4.057500000000004,410.5360000000002,8.0,0.2142857142857142,-4.71
3.5435000000000016,323.133,2.0,0.75,-4.21
2.572400000000001,290.323,4.0,0.4285714285714285,-4.883
3.7726000000000015,397.52400000000006,10.0,0.2608695652173913,-4.2
1.4991,106.12399999999997,1.0,0.75,-1.19
0.7855000000000001,121.13899999999995,1.0,0.6666666666666666,-0.96
1.6866,78.11399999999999,0.0,1.0,-1.64
2.768300000000001,184.238,2.0,0.8571428571428571,-2.55
1.1077,260.253,5.0,0.5789473684210527,-2.81
4.411000000000003,216.283,0.0,0.9411764705882352,-6.68
5.737200000000003,252.316,0.0,1.0,-8.699
5.640400000000003,252.316,0.0,1.0,-8.23
4.411000000000002,216.283,0.0,0.9411764705882352,-8.04
5.737200000000003,252.316,0.0,1.0,-7.8
5.640400000000003,252.316,0.0,1.0,-8.0
5.640400000000003,252.316,0.0,1.0,-8.49
6.3282000000000025,276.338,0.0,1.0,-9.018
1.4455,165.19199999999998,2.0,0.5,-2.616
2.602900000000001,212.248,3.0,0.75,-2.85
1.55828,103.12399999999997,0.0,0.75,-1.0
2.917600000000001,182.222,2.0,0.8571428571428571,-3.12
2.2963,135.191,0.0,1.0,-1.5
0.9578999999999998,119.127,0.0,1.0,-0.78
1.8278,119.12299999999998,0.0,1.0,-1.16
2.4254000000000007,126.58599999999996,1.0,0.75,-2.39
2.705400000000001,146.111,0.0,0.6,-2.51
0.8548999999999998,150.18099999999998,2.0,0.5454545454545454,-0.95
3.636800000000003,476.5850000000002,6.0,0.0,-4.71
3.4718000000000018,182.266,3.0,0.8571428571428571,-4.62
3.353600000000002,154.21199999999996,1.0,1.0,-4.345
4.450000000000003,256.308,1.0,1.0,-5.4
2.1935,154.253,0.0,0.0,-2.32
1.57852,261.119,2.0,0.4285714285714285,-2.523
7.183700000000006,527.4140000000002,6.0,0.8,-4.445
2.4491000000000005,157.01,0.0,0.8571428571428571,-2.55
1.5776,129.384,0.0,0.0,-0.89
2.1425,163.82899999999998,0.0,0.0,-1.54
1.4012,108.966,0.0,0.0,-1.09
1.0111,94.939,0.0,0.0,-0.79
4.652000000000002,366.0,4.0,0.375,-6.09
4.3991000000000025,428.12000000000006,4.0,0.5454545454545454,-4.93
2.78888,276.915,0.0,0.5454545454545454,-3.33
1.5771999999999995,266.098,1.0,0.8,-3.127
1.74462,316.4270000000001,8.0,0.2857142857142857,-4.16
0.7948999999999993,212.249,3.0,0.0,-2.39
3.999800000000003,263.381,1.0,0.3157894736842105,-4.24
4.157400000000004,311.85300000000007,9.0,0.2857142857142857,-4.19
1.6836,303.156,4.0,0.0,-2.647
2.2257,193.246,4.0,0.4285714285714285,-3.082
0.7771999999999999,74.12299999999999,1.0,0.0,0.47
1.8064,58.124,1.0,0.0,-2.57
1.7163,90.191,2.0,0.0,-2.18
0.9389999999999998,212.249,4.0,0.0,-1.661
1.0257999999999998,256.331,1.0,0.2941176470588235,-1.877
2.825400000000001,236.702,2.0,0.375,-3.9
0.9595,102.13299999999998,4.0,0.0,-1.37
3.4735000000000023,217.378,5.0,0.0,-3.68
3.029200000000001,134.22199999999998,3.0,0.6,-4.06
0.9854,72.107,2.0,0.0,-0.01
-1.0293,194.194,0.0,0.6428571428571429,-0.8759999999999999
2.401700000000001,152.237,0.0,0.0,-1.96
1.7656,100.161,4.0,0.0,-1.3
3.520900000000001,349.06600000000014,3.0,0.0,-5.4
3.3306000000000013,212.252,2.0,0.75,-3.15
2.5580000000000007,201.225,1.0,0.6666666666666666,-3.224
3.3211000000000013,167.21099999999998,0.0,1.0,-5.27
1.7597,236.271,4.0,0.3529411764705882,-1.83
2.1183,221.25599999999997,1.0,0.375,-2.8
5.420300000000004,342.875,8.0,0.3333333333333333,-5.736000000000001
2.620000000000001,235.308,2.0,0.375,-3.14
1.1349999999999998,237.097,3.0,0.0,-2.68
2.824020000000001,150.22099999999998,1.0,0.5454545454545454,-2.08
2.4879000000000007,150.22099999999998,1.0,0.0,-2.06
-0.4628999999999993,309.529,2.0,0.0,-1.84
0.909,323.13200000000006,6.0,0.3,-2.111
2.2174,257.76899999999995,6.0,0.3529411764705882,-4.4110000000000005
3.127600000000002,293.548,2.0,0.4,-3.924
2.910200000000001,223.659,2.0,0.4,-2.617
5.682800000000001,409.7819999999999,0.0,0.0,-6.86
5.024200000000001,338.876,0.0,0.0,-5.64
2.8698200000000007,196.681,2.0,0.4615384615384615,-2.86
1.1715999999999998,414.82700000000017,8.0,0.4444444444444444,-4.5760000000000005
-0.2895000000000001,93.513,1.0,0.0,-0.02
0.74878,75.498,0.0,0.0,-0.092
2.34,112.55899999999995,0.0,0.8571428571428571,-2.38
2.2986000000000004,208.28,0.0,0.0,-1.9
1.2451,64.515,0.0,0.0,-1.06
1.3687,62.499,0.0,0.0,-1.75
3.2969000000000017,213.664,2.0,0.4285714285714285,-3.38
1.5908000000000002,164.375,0.0,0.0,-2.0
4.180900000000003,339.21800000000013,4.0,0.5454545454545454,-4.53
4.043559999999999,265.914,0.0,0.4285714285714285,-5.64
-0.0608999999999992,295.72900000000004,1.0,0.3529411764705882,-3.05
2.741920000000001,212.68,1.0,0.4285714285714285,-3.46
4.225800000000003,290.75,3.0,0.6,-4.89
4.718100000000002,350.591,6.0,0.3333333333333333,-5.67
4.2434,267.93,0.0,0.7142857142857143,-5.43
0.9242000000000008,338.7720000000001,2.0,0.5454545454545454,-3.451
2.741920000000001,212.68,1.0,0.4285714285714285,-3.483
1.7744999999999995,169.567,0.0,0.8181818181818182,-2.8310000000000004
5.244800000000004,254.332,0.0,0.9,-7.85
5.146200000000003,228.294,0.0,1.0,-8.057
1.9352,96.94400000000002,0.0,0.0,-1.3
2.832600000000001,112.216,0.0,0.0,-4.3
1.9725,70.135,1.0,0.0,-2.54
2.878000000000001,152.237,4.0,0.0,-2.06
2.640000000000001,239.702,2.0,0.375,-2.338
3.037700000000001,315.716,2.0,0.5454545454545454,-3.499
6.919200000000002,300.36000000000007,0.0,1.0,-9.332
2.666700000000002,346.46700000000016,2.0,0.0,-3.24
1.9898,360.45000000000016,2.0,0.0,-3.11
2.560600000000001,402.48700000000025,3.0,0.0,-4.21
4.263000000000003,342.7780000000001,4.0,0.6666666666666666,-5.839
4.431120000000004,362.7710000000001,6.0,0.4545454545454545,-5.382000000000001
3.9668000000000023,292.33400000000006,1.0,0.7272727272727273,-2.84
1.6708799999999997,240.698,4.0,0.375,-3.15
3.5141000000000027,215.36199999999997,3.0,0.0,-3.4
1.2492,236.27099999999996,2.0,0.0,-2.17
-0.4773,168.15200000000002,0.0,0.0,-1.655
2.730700000000001,98.189,0.0,0.0,-3.51
1.7015,114.188,0.0,0.0,-0.88
2.5067000000000004,96.173,0.0,0.0,-3.18
0.6929999999999998,210.233,0.0,0.0,-3.168
2.3406,84.162,0.0,0.0,-3.1
1.3114,100.161,0.0,0.0,-0.44
1.5196,98.145,0.0,0.0,-0.6
2.1166,82.146,0.0,0.0,-2.59
1.0415,281.35200000000003,3.0,0.0,-1.13
0.3029,196.206,0.0,0.0,-3.06
3.120800000000002,112.216,0.0,0.0,-4.15
2.0916,128.215,0.0,0.0,-1.29
1.0831,224.26,0.0,0.0,-2.982
1.9505,70.135,0.0,0.0,-2.64
1.7265,68.11900000000001,0.0,0.0,-2.1
-0.0872000000000001,182.179,0.0,0.0,-2.349
-0.8674000000000002,154.125,0.0,0.0,-1.886
2.3705,198.30999999999992,1.0,0.0,-2.218
6.317080000000003,434.29400000000015,6.0,0.4137931034482758,-7.337000000000001
6.543980000000005,449.8560000000001,6.0,0.3870967741935484,-8.176
6.177980000000004,416.30400000000014,6.0,0.4285714285714285,-8.017000000000001
-0.6479000000000001,111.104,0.0,0.75,-1.155
4.221000000000004,337.4630000000001,0.0,0.2,-5.507000000000001
1.6838000000000002,248.307,2.0,0.7058823529411765,-3.094
5.929000000000003,320.04600000000005,3.0,0.6666666666666666,-7.2
6.187900000000003,318.0300000000001,2.0,0.6666666666666666,-6.9
6.495500000000002,354.491,2.0,0.631578947368421,-7.15
3.3668000000000022,138.254,0.0,0.0,-5.19
6.694400000000005,314.5220000000001,12.0,0.0,-5.14
6.490180000000005,505.2060000000002,6.0,0.4285714285714285,-8.402000000000001
3.695900000000003,330.4680000000001,2.0,0.0,-3.45
4.266700000000004,372.5050000000002,3.0,0.0,-4.63
3.8659000000000017,300.314,4.0,0.5454545454545454,-4.632
1.8957,392.4670000000002,2.0,0.0,-3.59
2.466500000000001,434.5040000000003,3.0,0.0,-4.9
2.401700000000001,152.237,0.0,0.0,-1.85
6.433000000000007,390.5640000000003,14.0,0.2142857142857142,-6.96
3.878200000000003,393.85400000000016,8.0,0.2608695652173913,-6.34
3.878200000000003,393.85400000000016,8.0,0.2608695652173913,-6.34
4.277400000000004,270.225,4.0,0.0,-4.2860000000000005
3.153800000000002,284.74600000000004,1.0,0.6,-3.754
3.5847200000000026,304.35200000000003,7.0,0.3157894736842105,-3.64
3.586000000000002,168.195,0.0,1.0,-4.6
4.054500000000002,184.263,0.0,1.0,-4.38
1.7337,173.83499999999998,0.0,0.0,-1.17
2.603200000000001,130.231,6.0,0.0,-1.85
4.7938000000000045,314.46600000000007,15.0,0.0,-3.896
3.600400000000003,278.348,8.0,0.3,-4.4
3.144300000000002,297.656,5.0,0.3529411764705882,-4.31
1.4215,84.93299999999999,0.0,0.0,-0.63
3.9954000000000014,269.127,2.0,0.7058823529411765,-3.953
5.599500000000002,370.49,2.0,0.6,-5.666
4.481400000000002,380.913,0.0,0.0,-6.29
4.604600000000004,266.34,3.0,0.6,-4.95
7.725599999999999,474.64,1.0,0.0,-7.278
1.0428000000000002,74.123,2.0,0.0,-0.09
2.04,222.23999999999995,4.0,0.375,-2.35
1.7594,90.191,2.0,0.0,-1.34
2.4076000000000004,122.258,3.0,0.0,-2.42
4.828600000000005,268.356,4.0,0.6,-4.07
3.581000000000002,286.331,4.0,0.5714285714285714,-4.16
3.5801000000000016,310.687,2.0,0.5714285714285714,-6.02
3.247300000000002,764.9499999999999,7.0,0.0,-5.292999999999999
2.218100000000001,780.9490000000001,7.0,0.0,-4.081
5.160800000000005,334.45600000000024,12.0,0.25,-6.144
1.8139,267.835,0.0,0.0,-2.34
6.433000000000008,390.5640000000002,14.0,0.2142857142857142,-6.6370000000000005
1.8198,102.177,2.0,0.0,-1.1
2.5364000000000004,118.245,2.0,0.0,-2.24
2.3950000000000005,299.6909999999999,8.0,0.0,0.523
2.869900000000001,338.79500000000013,2.0,0.4782608695652174,-4.328
1.9576,211.26099999999997,1.0,0.0,-0.85
1.89922,209.293,4.0,0.4,-2.24
0.2367,76.095,2.0,0.0,0.48
1.2597999999999998,194.18599999999995,2.0,0.4285714285714285,-1.66
0.9792,62.137,0.0,0.0,-0.45
1.6274,94.204,1.0,0.0,-1.44
2.9502000000000006,322.243,5.0,0.2727272727272727,-5.47
2.7221000000000024,240.21499999999995,4.0,0.3529411764705882,-3.38
-3.834600000000001,180.156,0.0,0.0,0.35
2.539600000000001,118.245,4.0,0.0,-2.58
6.721200000000008,390.5640000000004,16.0,0.2142857142857142,-5.115
5.508800000000006,414.63000000000017,0.0,0.0,-7.32
1.4502,223.22799999999995,2.0,0.375,-1.57
2.9067000000000016,239.318,3.0,0.6666666666666666,-2.98
3.478900000000002,170.211,2.0,0.9230769230769232,-3.96
3.430200000000002,169.227,2.0,0.9230769230769232,-3.504
3.277400000000002,168.239,2.0,0.9230769230769232,-4.08
1.823,102.177,4.0,0.0,-1.62
3.621200000000002,296.5520000000001,4.0,0.0,-4.86
3.770200000000002,274.413,9.0,0.0,-4.23
2.5801000000000007,299.28800000000007,5.0,0.3157894736842105,-3.35
3.0869000000000018,233.098,1.0,0.4285714285714285,-3.8
3.308900000000002,136.238,1.0,0.0,-4.26
1.5170200000000005,198.134,2.0,0.4285714285714285,-1.456
1.5759,180.207,3.0,0.4615384615384615,-2.17
-2.2130999999999985,254.24599999999995,3.0,0.5,-0.17
8.048000000000007,282.5559999999999,17.0,0.0,-8.172
4.481400000000002,380.913,0.0,0.0,-6.18
3.959100000000003,290.447,0.0,0.0,-4.16
4.483900000000005,306.51500000000004,0.0,0.0,-5.41
3.9444000000000026,266.34,0.0,0.5,-5.24
3.7375000000000025,268.356,0.0,0.3,-5.282
2.2155000000000005,288.255,1.0,0.5714285714285714,-3.62
-2.3071999999999995,122.12,3.0,0.0,0.7
3.609200000000002,272.388,0.0,0.3,-5.03
2.4237,148.205,3.0,0.5454545454545454,-2.92
2.5800000000000005,288.387,0.0,0.2857142857142857,-4.955
3.817400000000003,270.372,0.0,0.3,-3.955
3.924200000000004,333.266,6.0,0.2608695652173913,-6.124
1.0262,30.07,0.0,0.0,-1.36
0.9361,62.137,0.0,0.0,-0.6
-0.0014,46.069,0.0,0.0,1.1
3.612600000000002,296.41,0.0,0.2727272727272727,-4.3
2.6579000000000006,225.313,4.0,0.4,-2.09
5.005300000000004,384.4870000000002,12.0,0.0,-5.54
1.85272,209.293,5.0,0.4,-3.028
3.8826000000000023,312.45300000000003,0.0,0.0,-5.66
2.0576,286.34900000000005,4.0,0.3157894736842105,-3.42
2.0576,286.34900000000005,4.0,0.3157894736842105,-3.42
1.3424,258.324,3.0,0.5625,-3.81
0.5694,88.106,1.0,0.0,-0.04
1.8633,150.177,2.0,0.5454545454545454,-2.32
2.1298000000000004,144.21399999999997,5.0,0.0,-1.28
2.2629,176.215,3.0,0.4615384615384615,-3.0
3.6902000000000026,200.322,9.0,0.0,-4.1
0.1793,74.07900000000001,2.0,0.0,0.15
2.5199000000000007,158.241,6.0,0.0,-2.74
2.1298000000000004,144.21399999999997,5.0,0.0,-2.35
3.3001000000000023,186.295,8.0,0.0,-3.8
2.910000000000001,172.26799999999997,7.0,0.0,-3.39
1.7397,130.18699999999998,4.0,0.0,-1.75
0.9595,102.133,2.0,0.0,-0.66
1.4329,88.14999999999999,3.0,0.0,-0.66
1.1664,72.10700000000001,2.0,0.0,-0.85
2.249000000000001,106.16799999999996,1.0,0.75,-2.77
2.976700000000002,112.216,1.0,0.0,-4.25
0.8022,28.053999999999995,0.0,0.0,-0.4
1.4455,165.19199999999998,2.0,0.5,-2.1
1.5689,166.176,2.0,0.5,-2.35
0.2493999999999999,26.038,0.0,0.0,0.29
6.372000000000007,376.496,9.0,0.6428571428571429,-8.6
2.669100000000001,244.294,4.0,0.6111111111111112,-4.735
1.338599999999999,588.5620000000001,5.0,0.2857142857142857,-3.571
2.7441000000000013,154.253,0.0,0.0,-1.64
2.1293,164.204,3.0,0.5,-1.56
4.0676000000000005,331.202,3.0,0.8181818181818182,-4.38
2.840320000000001,201.225,2.0,0.7333333333333333,-3.3
2.7993200000000007,277.238,5.0,0.3529411764705882,-4.04
3.2604000000000024,253.367,6.0,0.3529411764705882,-3.927
3.6038000000000014,301.34200000000004,7.0,0.5454545454545454,-4.7
5.268980000000004,349.43000000000006,5.0,0.4615384615384615,-6.025
3.1003000000000016,308.36100000000005,7.0,0.3333333333333333,-2.3
3.6130200000000015,278.335,5.0,0.375,-4.57
1.7801,164.208,1.0,0.5,-1.6
0.7357999999999993,306.276,5.0,0.7272727272727273,-1.8
6.627980000000005,451.4690000000001,9.0,0.5454545454545454,-6.876
-0.5088000000000001,129.09399999999997,0.0,0.6666666666666666,-0.972
1.8737,380.4560000000001,2.0,0.0,-3.43
1.8437,410.4570000000002,2.0,0.0,-5.613
5.340800000000003,421.7340000000001,6.0,0.4285714285714285,-6.78
2.7989000000000006,232.205,1.0,0.375,-3.43
4.487200000000002,202.256,0.0,1.0,-6.0
3.2578000000000014,166.22299999999998,0.0,0.9230769230769232,-5.0
1.8257,96.10399999999998,0.0,0.8571428571428571,-1.8
2.923300000000001,376.4680000000001,1.0,0.0,-4.099
2.7989000000000006,232.205,1.0,0.375,-3.32
4.738100000000002,329.321,2.0,0.75,-4.445
3.514400000000002,312.118,2.0,0.3157894736842105,-4.047
2.492400000000001,301.296,4.0,0.7727272727272727,-3.37
7.395680000000005,502.9200000000002,8.0,0.5142857142857142,-8.003
1.6262,221.26,3.0,0.375,-2.34
0.8516999999999999,257.273,6.0,0.0,-1.995
-3.2198,180.156,2.0,0.0,0.64
1.2795999999999998,68.07499999999999,0.0,1.0,-0.82
1.0920999999999998,96.08499999999998,1.0,0.7142857142857143,-0.1
1.5528,262.261,1.0,0.0,-2.943
3.141800000000001,372.80800000000016,6.0,0.6153846153846154,-4.571000000000001
-3.2214000000000005,180.156,1.0,0.0,0.74
1.771,217.268,2.0,0.375,-2.337
-1.6681,92.094,2.0,0.0,1.12
0.0442999999999997,218.205,5.0,0.0,-0.6
2.8103000000000007,352.7700000000001,3.0,0.25,-3.2460000000000004
1.4008,124.13899999999995,1.0,0.6666666666666666,-1.96
-0.7716000000000003,151.129,0.0,0.8181818181818182,-3.583
2.5085,197.381,0.0,0.0,-1.71
1.3295999999999997,300.266,0.0,0.2727272727272727,-2.7
5.2415,373.3209999999999,0.0,0.0,-6.317
2.976700000000002,100.205,4.0,0.0,-4.53
4.7574,260.762,1.0,0.0,-4.92
3.7268,236.74,0.0,0.0,-3.67
10.388599999999991,366.7180000000002,23.0,0.0,-8.334
6.487600000000007,226.44799999999992,13.0,0.0,-8.4
3.5371200000000025,162.27599999999998,0.0,0.5,-5.23
2.5866000000000007,86.178,3.0,0.0,-3.84
4.785200000000005,270.372,5.0,0.6,-4.43
3.809400000000003,162.276,5.0,0.5,-5.21
-1.1742,100.077,0.0,0.0,-0.4
3.1256000000000013,184.242,3.0,0.8571428571428571,-2.92
2.4536000000000007,214.264,3.0,0.75,-1.93
-0.3512999999999994,297.745,1.0,0.3529411764705882,-2.63
1.7815999999999996,362.4660000000002,2.0,0.0,-3.09
2.3524000000000003,404.5030000000002,3.0,0.0,-4.88
3.995,354.8749999999999,0.0,0.0,-5.46
3.8384000000000023,330.4680000000001,1.0,0.0,-3.817
-0.3538,136.114,0.0,0.9,-2.296
2.1753,118.17899999999996,0.0,0.6666666666666666,-3.04
2.0834,365.842,3.0,0.5,-3.5860000000000003
1.5629,118.13899999999998,0.0,1.0,-2.16
2.1678999999999995,117.15099999999995,0.0,1.0,-1.52
1.6545999999999998,119.167,0.0,0.6666666666666666,-1.04
-1.8566000000000005,268.22900000000004,2.0,0.4736842105263157,-1.23
2.2912,204.01,0.0,0.8571428571428571,-3.01
1.4413,155.966,0.0,0.0,-1.6
4.494100000000002,413.0,4.0,0.375,-6.62
1.0512,141.939,0.0,0.0,-1.0
2.4730799999999995,370.915,0.0,0.5454545454545454,-3.61
2.1915,243.742,5.0,0.375,-3.785
3.1887000000000016,313.747,7.0,0.2777777777777778,-3.658
1.2055,116.15999999999998,2.0,0.0,-1.21
0.8154,102.13299999999998,3.0,0.0,-1.01
2.8851000000000013,134.22199999999998,2.0,0.6,-4.12
0.3772000000000002,185.227,2.0,0.0,-2.15
1.41762,231.255,4.0,0.6470588235294118,-2.461
3.8896000000000033,345.4010000000002,8.0,0.2727272727272727,-4.194
-0.3593,151.129,0.0,0.8181818181818182,-3.401
-0.3149000000000001,137.14200000000002,1.0,0.6,0.009
1.5956,130.18699999999998,3.0,0.0,-1.92
1.2055,116.15999999999998,4.0,0.0,-1.52
2.3218000000000005,138.20999999999998,0.0,0.0,-1.06
2.528200000000001,193.246,2.0,0.4285714285714285,-2.863
4.252800000000004,309.36600000000004,8.0,0.2727272727272727,-6.49
0.9579,102.133,1.0,0.0,-0.55
0.5678,88.106,2.0,0.0,-0.63
2.8100000000000014,120.19499999999996,1.0,0.6666666666666666,-3.27
2.903500000000001,206.289,2.0,0.4,-3.536
2.2348,129.16199999999998,0.0,1.0,-1.45
2.6670000000000007,279.34,2.0,0.3,-2.93
2.966800000000001,322.36400000000003,5.0,0.5,-3.27
4.6182,490.6390000000001,0.0,0.0,-5.259
2.8648200000000017,260.24499999999995,2.0,0.6842105263157895,-3.0210000000000004
-5.397199999999993,342.297,4.0,0.0,-0.244
-2.5823000000000005,150.13,0.0,0.0,0.39
1.5305,234.29899999999995,1.0,0.3529411764705882,-4.593999999999999
2.6698000000000013,154.253,4.0,0.0,-1.99
3.644400000000001,290.832,0.0,0.0,-4.64
3.0185000000000013,249.097,2.0,0.4,-3.592
3.101300000000001,321.163,1.0,0.5714285714285714,-3.604
4.195500000000004,404.54700000000025,6.0,0.0,-6.005
2.1218000000000004,330.3640000000001,9.0,0.0,-3.37
0.5027,160.16899999999998,4.0,0.0,-0.82
-5.397199999999993,342.297,4.0,0.0,0.358
-3.5854000000000004,182.172,5.0,0.0,0.06
1.9222,127.574,0.0,0.75,-1.37
3.102500000000001,191.455,0.0,0.75,-3.21
2.9446000000000003,238.455,0.0,0.75,-3.55
2.2482000000000006,157.55599999999998,1.0,0.6,-2.77
2.972200000000001,295.298,3.0,0.6818181818181818,-3.88
2.632000000000001,329.3800000000001,8.0,0.0,-2.518
0.8497999999999999,196.202,2.0,0.0,-1.899
5.279700000000005,340.5070000000001,1.0,0.0,-5.27
3.3381000000000016,298.367,4.0,0.7142857142857143,-4.873
2.52334,310.297,3.0,0.3,-3.24
4.575300000000004,384.5160000000002,2.0,0.0,-5.35
2.0119,172.18299999999996,0.0,0.4615384615384615,-3.03
2.439500000000001,156.269,1.0,0.0,-2.53
2.6477000000000013,154.253,1.0,0.0,-2.35
0.9834000000000004,218.253,6.0,0.0,-1.807
2.585,167.25799999999998,0.0,0.9,-3.18
1.84434,279.336,5.0,0.3,-1.601
0.6361,16.043,0.0,0.0,-0.9
-0.3915,32.042,0.0,0.0,1.57
3.002540000000001,250.301,1.0,0.8421052631578947,-2.925
0.5009999999999999,198.222,2.0,0.0,-2.23
1.4359999999999995,261.064,1.0,0.6875,-2.82
0.5302000000000002,241.24299999999997,6.0,0.3529411764705882,-0.985
5.062000000000006,310.47800000000007,10.0,0.0,-5.19
1.8622,271.39,8.0,0.3333333333333333,-2.928
2.5478000000000005,216.19199999999995,1.0,0.8125,-3.664
5.205900000000002,345.6529999999999,4.0,0.5714285714285714,-6.89
0.1792999999999999,74.07900000000001,0.0,0.0,0.46
0.3453999999999999,86.09,1.0,0.0,-0.22
1.4732,136.14999999999998,1.0,0.6,-1.85
1.4329,88.14999999999999,3.0,0.0,-0.99
1.3496,116.15999999999998,3.0,0.0,-0.82
3.3001000000000023,186.295,8.0,0.0,-4.69
-0.2108000000000001,60.05200000000001,1.0,0.0,0.58
0.5899999999999996,184.147,1.0,0.4615384615384615,-1.24
1.7397,130.18699999999998,4.0,0.0,-1.87
-0.9205,46.073,0.0,0.0,1.34
4.080300000000003,214.349,10.0,0.0,-4.69
0.8681999999999999,137.138,1.0,0.6,-0.46
2.910000000000001,172.268,7.0,0.0,-3.38
2.5199000000000007,158.241,6.0,0.0,-3.17
1.3496,116.15999999999998,3.0,0.0,-1.36
0.5694,88.106,1.0,0.0,-0.14
1.0428,74.12299999999999,2.0,0.0,-0.39
1.4313,88.14999999999999,0.0,0.0,-0.24
2.5866000000000007,98.189,0.0,0.0,-3.85
2.1965000000000003,84.162,0.0,0.0,-3.3
3.767700000000003,268.36,3.0,0.6,-3.35
1.1788,152.149,1.0,0.5454545454545454,-1.827
4.840100000000005,344.4950000000001,1.0,0.0,-5.284
0.74091,142.18300000000002,0.0,0.6666666666666666,-2.436
3.1641200000000014,283.7989999999999,6.0,0.3157894736842105,-2.73
2.7141199999999994,365.8420000000001,2.0,0.5,-3.78
1.4048,151.165,1.0,0.5454545454545454,-1.803
2.4421,228.679,2.0,0.4,-2.564
0.0920199999999999,171.15599999999998,3.0,0.4166666666666667,-1.26
0.3714999999999997,214.294,1.0,0.4285714285714285,-2.253
0.0920199999999999,171.15599999999998,3.0,0.4166666666666667,-1.22
2.5882000000000005,175.0,0.0,0.75,-2.67
-0.1303000000000003,209.253,1.0,0.4,-1.989
6.222999999999999,545.5460000000002,0.0,0.0,-6.8
1.5772199999999998,107.156,0.0,0.75,-0.85
1.177,138.126,1.0,0.6,-2.19
1.3003999999999998,139.11,1.0,0.6,-1.01
1.90322,137.138,1.0,0.6,-2.44
2.365100000000001,214.652,2.0,0.4285714285714285,-2.57
-2.884799999999998,446.405,6.0,0.1935483870967742,-0.742
2.4335000000000004,198.653,1.0,0.4615384615384615,-2.89
1.9879999999999995,302.23800000000006,1.0,0.7272727272727273,-3.083
2.30344,106.168,0.0,0.75,-2.82
2.532800000000001,149.237,3.0,0.5454545454545454,-3.03
0.0944999999999998,87.12199999999999,0.0,0.0,1.11
1.7526,121.18299999999996,1.0,0.6666666666666666,-1.92
3.651200000000001,380.784,5.0,0.0,-2.28
3.475500000000002,271.36,5.0,0.5,-3.57
5.146200000000003,228.294,0.0,1.0,-8.6
2.839800000000001,128.17399999999995,0.0,1.0,-3.6
4.257200000000004,275.179,4.0,0.3529411764705882,-4.77
2.6714000000000016,154.253,4.0,0.0,-2.46
2.1184,121.18299999999996,2.0,0.6666666666666666,-1.7
2.6512200000000004,266.30400000000003,1.0,0.6,-3.19
3.8595000000000006,327.1230000000001,3.0,0.5714285714285714,-4.7
0.1805000000000001,122.12699999999997,1.0,0.6666666666666666,0.61
2.1756,346.33900000000017,4.0,0.24,-4.76
0.9959,156.09699999999998,2.0,0.4545454545454545,-2.19
2.4086000000000007,295.29800000000006,2.0,0.5454545454545454,-3.796
0.5808999999999999,214.206,2.0,0.3571428571428571,-3.22
2.9502000000000006,322.243,5.0,0.2727272727272727,-3.5610000000000004
3.5617,230.909,0.0,0.5454545454545454,-3.76
2.3843,281.271,2.0,0.5714285714285714,-3.796
1.5948,123.11099999999996,1.0,0.6666666666666666,-1.8
0.2829999999999999,75.067,1.0,0.0,-0.22
4.693900000000003,284.098,3.0,0.6666666666666666,-5.46
0.0734999999999999,238.159,3.0,0.2941176470588235,-3.38
-1.0200999999999996,227.085,8.0,0.0,-2.22
-0.1071,61.040000000000006,0.0,0.0,0.26
1.7283,107.15599999999998,1.0,0.75,-1.28
3.7569000000000026,128.259,6.0,0.0,-5.88
4.289400000000002,511.5810000000002,5.0,0.6153846153846154,-3.931
2.0823,222.33199999999997,1.0,0.0,-3.1710000000000003
4.063300000000004,340.4630000000001,1.0,0.0,-4.8
2.607400000000001,314.42500000000007,0.0,0.0,-4.57
2.946400000000001,303.67100000000005,2.0,0.6,-4.046
5.929000000000003,320.04600000000005,3.0,0.6666666666666666,-6.51
0.9744,109.128,0.0,0.75,-0.72
1.9222,127.574,0.0,0.75,-1.52
3.1025,191.455,0.0,0.75,-3.19
2.9446000000000003,238.455,0.0,0.75,-3.54
2.2482,157.55599999999998,1.0,0.6,-2.55
3.3668000000000022,114.232,5.0,0.0,-5.24
0.1016000000000001,89.09400000000001,1.0,0.0,0.85
2.5882000000000005,175.0,0.0,0.75,-2.7
0.4911,137.13799999999998,1.0,0.6,-1.82
1.4008,124.13899999999995,1.0,0.6666666666666666,-1.96
1.177,138.126,1.0,0.6,-1.96
1.6033999999999995,153.13699999999997,2.0,0.5454545454545454,-1.96
1.3004000000000002,139.11,1.0,0.6,-1.74
1.90322,137.138,1.0,0.6,-2.33
1.7768000000000002,346.3650000000001,8.0,0.2608695652173913,-5.16
3.3103000000000025,244.28999999999996,3.0,0.5555555555555556,-4.314
1.57722,107.156,0.0,0.75,-2.21
4.217000000000003,345.22600000000017,3.0,0.5,-5.696000000000001
0.1070999999999999,219.266,1.0,0.0,0.106
2.4479,286.718,1.0,0.6,-3.952
1.3016,267.306,2.0,0.3333333333333333,-2.281
2.30344,106.168,0.0,0.75,-2.8
3.493400000000002,324.38000000000005,5.0,0.5,-3.73
2.518,184.242,1.0,0.8571428571428571,-2.7
5.929000000000003,320.04600000000005,3.0,0.6666666666666666,-7.2
6.187900000000003,318.0300000000001,2.0,0.6666666666666666,-6.9
0.9744,109.128,0.0,0.75,-0.8
-1.6476000000000002,114.06,0.0,0.0,-0.4
3.2711000000000023,291.26500000000004,7.0,0.3333333333333333,-4.66
2.518,184.242,1.0,0.8571428571428571,-2.7
2.4075,214.062,1.0,0.5454545454545454,-3.083
3.053700000000001,282.90599999999995,0.0,0.75,-4.56
2.2984,169.611,1.0,0.5454545454545454,-2.843
1.9222,127.574,0.0,0.75,-1.66
3.102500000000001,191.455,0.0,0.75,-3.63
2.944600000000001,238.455,0.0,0.75,-4.03
2.2482000000000006,157.55599999999998,1.0,0.6,-2.92
1.7006199999999998,108.14,0.0,0.75,-0.73
3.3716000000000026,203.351,6.0,0.0,-3.53
5.316700000000004,328.843,4.0,0.5217391304347826,-5.915
4.9536,250.339,0.0,0.5454545454545454,-5.65
3.1603000000000003,202.295,0.0,0.0,-2.6
4.6592,266.338,0.0,0.5,-4.28
3.2287000000000017,148.249,0.0,0.5454545454545454,-4.0
2.1965000000000003,72.151,2.0,0.0,-3.18
1.1849999999999992,226.27599999999995,4.0,0.0,-2.39
1.7397,130.18699999999998,4.0,0.0,-1.89
1.7397,130.18699999999998,4.0,0.0,-2.25
3.4193000000000024,148.249,4.0,0.5454545454545454,-4.64
3.7569000000000026,140.26999999999998,4.0,0.0,-6.08
3.0893200000000016,379.381,4.0,0.5,-3.8
6.113300000000004,391.2940000000001,6.0,0.4615384615384615,-6.291
5.737200000000003,252.316,0.0,1.0,-8.804
1.7840999999999998,153.156,1.0,0.5454545454545454,-1.78
2.0437,179.219,3.0,0.4615384615384615,-2.35
3.993000000000002,178.23399999999998,0.0,1.0,-5.26
3.388000000000001,179.22199999999998,0.0,1.0,-2.78
2.0853,122.16699999999996,2.0,0.6666666666666666,-2.33
3.784220000000002,300.314,3.0,0.5454545454545454,-4.805
0.7003999999999997,232.239,2.0,0.3529411764705882,-2.322
1.3922,94.113,0.0,0.8571428571428571,0.0
3.560100000000002,318.32800000000003,2.0,0.75,-2.9
5.760500000000005,350.4580000000001,6.0,0.4615384615384615,-5.24
3.7878000000000025,308.38100000000003,5.0,0.5217391304347826,-3.81
0.9722000000000002,108.14399999999998,1.0,0.75,0.07
1.1789,108.13999999999996,1.0,0.75,-0.4
1.3421,152.22199999999998,1.0,0.6,-1.77
1.7695999999999998,252.273,2.0,0.631578947368421,-4.097
3.727700000000003,260.386,8.0,0.0,-4.11
4.236100000000003,367.8160000000001,7.0,0.4285714285714285,-5.233
3.2283800000000014,298.304,7.0,0.3157894736842105,-4.862
0.0011999999999999,149.149,0.0,0.0,-2.932
0.5702,147.13299999999998,0.0,0.5454545454545454,-2.61
1.42996,128.13399999999996,0.0,0.6,-2.38
1.3505999999999998,151.165,1.0,0.5454545454545454,-1.03
1.2047,122.12299999999998,1.0,0.6666666666666666,-0.96
6.299400000000004,278.354,0.0,1.0,-7.87
2.997200000000001,285.343,3.0,0.2857142857142857,-3.46
1.2278,150.13299999999998,1.0,0.5454545454545454,-1.63
4.198300000000004,353.4900000000001,9.0,0.0,-4.15
1.2198399999999998,238.291,2.0,0.3529411764705882,-1.95
1.5810000000000002,331.353,2.0,0.5217391304347826,-4.16
1.5076999999999998,136.14999999999998,2.0,0.6,-1.49
1.5772199999999998,107.156,0.0,0.75,-1.21
1.177,138.126,1.0,0.6,-2.37
1.6033999999999995,153.13699999999997,2.0,0.5454545454545454,-2.41
1.3003999999999998,139.11,1.0,0.6,-0.74
1.90322,137.138,1.0,0.6,-2.49
3.059200000000001,170.211,1.0,0.9230769230769232,-3.48
3.879200000000002,288.43100000000004,0.0,0.0,-4.12
1.5576,360.4500000000002,2.0,0.0,-3.18
2.1284,402.48700000000014,3.0,0.0,-4.37
4.515300000000004,316.48500000000007,1.0,0.0,-4.65
0.5378999999999994,218.256,2.0,0.375,-2.64
0.4047999999999999,198.222,2.0,0.0,-2.21
3.2829000000000024,284.142,1.0,0.3333333333333333,-4.8
4.723500000000005,314.46900000000005,1.0,0.0,-4.42
1.5208,225.296,5.0,0.375,-2.478
2.2341,241.364,5.0,0.375,-4.1
2.666800000000001,211.69200000000004,3.0,0.4285714285714285,-2.48
1.4163,44.097,0.0,0.0,-1.94
3.3419000000000016,218.083,2.0,0.4615384615384615,-3.0
2.1655999999999995,229.71500000000003,4.0,0.4,-4.43
2.3388,281.314,7.0,0.0,-3.408
3.653400000000003,342.2260000000001,5.0,0.5,-3.4930000000000003
0.5952999999999999,58.08,1.0,0.0,0.58
0.91998,55.07999999999999,0.0,0.0,0.28
2.192,209.245,3.0,0.4,-2.05
0.9595,102.13299999999998,2.0,0.0,-0.72
0.9595,102.13299999999998,2.0,0.0,-1.92
0.5694,88.10599999999998,3.0,0.0,-0.49
1.3496,116.15999999999998,3.0,0.0,-1.34
2.639100000000001,120.19499999999996,2.0,0.6666666666666666,-3.37
2.976700000000002,112.216,2.0,0.0,-4.74
1.1923,42.081,0.0,0.0,-1.08
1.8214,102.17699999999998,3.0,0.0,-1.34
0.6395,40.065000000000005,0.0,0.0,-0.41
2.689700000000001,150.22099999999998,0.0,0.5454545454545454,-2.41
0.4197999999999998,132.12599999999998,0.0,1.0,0.02
5.020600000000004,230.31,2.0,1.0,-7.11
0.6424200000000001,171.22099999999998,1.0,0.5454545454545454,-1.74
2.30344,106.168,0.0,0.75,-2.77
2.709500000000001,217.26800000000003,2.0,0.375,-2.56
-0.4245000000000001,123.11499999999998,1.0,0.6666666666666666,-0.667
1.4681,221.647,1.0,0.8,-2.878
4.584000000000002,202.256,0.0,1.0,-6.176
0.4765999999999999,80.08999999999999,0.0,1.0,1.1
1.0816,79.10199999999998,0.0,1.0,0.76
0.4765999999999999,80.08999999999999,0.0,1.0,1.1
2.2411200000000004,245.282,2.0,0.6111111111111112,-2.09
0.8788,289.7440000000001,2.0,0.3333333333333333,-3.29
2.2348,129.16199999999998,0.0,1.0,-1.3
2.8260000000000005,332.57000000000005,3.0,0.3,-5.03
4.8618,295.336,1.0,0.4285714285714285,-5.82
-7.571399999999989,504.4380000000001,8.0,0.0,-0.41
1.4952,262.309,2.0,0.0,-2.696
2.2246,254.293,1.0,0.631578947368421,-2.62
0.1342999999999999,133.197,0.0,0.0,-1.77
-1.7235599999999989,376.36900000000014,5.0,0.5185185185185185,-3.685
1.8356,179.21899999999997,3.0,0.4615384615384615,-2.452
4.542900000000002,321.549,4.0,0.375,-5.72
3.703300000000002,394.4230000000002,3.0,0.4137931034482758,-4.42
2.880000000000001,330.17100000000005,2.0,0.2857142857142857,-4.376
2.4639000000000006,226.235,0.0,0.7058823529411765,-3.672
2.9595200000000013,254.289,0.0,0.631578947368421,-3.928
2.878000000000001,288.73800000000006,1.0,0.6,-4.114
3.5275200000000018,322.29,1.0,0.5217391304347826,-4.207
2.817140000000001,268.32,1.0,0.6,-4.553999999999999
2.759900000000001,270.361,1.0,0.631578947368421,-4.634
3.3649000000000022,269.373,1.0,0.631578947368421,-4.706
3.4346000000000023,252.31699999999995,1.0,0.631578947368421,-4.749
2.614700000000001,268.32,2.0,0.6,-2.86
3.2071000000000023,255.292,2.0,0.631578947368421,-4.799
3.179720000000001,296.374,2.0,0.5454545454545454,-4.871
3.122320000000001,283.331,2.0,0.5714285714285714,-5.153
3.458700000000001,273.723,1.0,0.631578947368421,-5.36
2.35452,255.277,0.0,0.631578947368421,-3.043
2.829600000000001,253.30499999999995,1.0,0.631578947368421,-3.324
1.6287999999999996,313.36100000000005,4.0,0.5217391304347826,-3.36
3.2071000000000023,255.292,2.0,0.631578947368421,-3.535
3.4590000000000023,239.274,1.0,0.6666666666666666,-3.68
-1.6424000000000003,286.28,4.0,0.3,-0.85
0.4911,137.13799999999998,1.0,0.6,-1.836
2.6445,213.236,2.0,0.75,-3.59
2.419600000000001,246.30599999999995,0.0,0.0,-3.09
1.3510999999999993,238.28699999999995,5.0,0.0,-2.356
3.386800000000001,232.32700000000003,2.0,0.3529411764705882,-4.11
1.3885999999999998,201.661,4.0,0.4615384615384615,-4.55
0.7254999999999998,213.31,3.0,0.4285714285714285,-2.676
-3.5854000000000004,182.172,5.0,0.0,1.09
-1.068879999999999,361.4450000000001,8.0,0.2608695652173913,-1.981
4.852300000000005,416.58300000000025,1.0,0.0,-4.173
3.8884000000000034,293.40700000000004,9.0,0.2857142857142857,-3.84
3.9591000000000034,290.44699999999995,0.0,0.0,-4.743
5.6015000000000015,365.96400000000006,5.0,0.3157894736842105,-4.522
2.3296,104.15199999999996,1.0,0.75,-2.82
1.7579,120.15099999999995,1.0,0.6666666666666666,-1.6
-0.577,99.089,0.0,0.0,0.3
-5.395599999999993,342.297,5.0,0.0,0.79
-0.5594299999999999,214.25,2.0,0.4285714285714285,-1.99
3.0988000000000016,223.794,4.0,0.0,-3.39
-0.0837999999999999,172.20899999999995,1.0,0.5454545454545454,-1.34
0.961,224.26,4.0,0.0,-2.016
2.984100000000001,134.22199999999998,0.0,0.6,-3.66
0.7614000000000001,70.09100000000001,1.0,0.0,0.32
4.511700000000001,381.1120000000001,2.0,0.5,-7.28
1.2534200000000002,216.668,0.0,0.4285714285714285,-2.484
4.506300000000004,288.44,7.0,0.0,-4.755
1.5223999999999998,225.296,4.0,0.375,-3.239
2.2357,241.364,4.0,0.375,-4.0
3.879200000000003,288.431,0.0,0.0,-4.02
4.450000000000004,330.4680000000001,1.0,0.0,-5.184
4.840100000000005,344.4950000000001,2.0,0.0,-5.37
3.1773,331.62699999999995,0.0,0.0,-3.14
3.0682,165.834,0.0,0.0,-2.54
4.014400000000001,261.919,1.0,0.4615384615384615,-4.02
2.5529,153.823,0.0,0.0,-2.31
5.707400000000006,198.39399999999995,11.0,0.0,-7.96
5.551820000000002,418.7360000000001,4.0,0.2222222222222222,-7.321000000000001
0.7968,72.107,0.0,0.0,0.49
1.1869,86.134,0.0,0.0,-0.03
0.2296,116.164,0.0,0.0,0.94
0.0877999999999994,258.233,1.0,0.3157894736842105,-2.676
-1.0397,180.167,0.0,0.6923076923076923,-2.523
-1.039700000000001,180.167,0.0,0.6923076923076923,-1.39
0.4043000000000002,356.2270000000001,6.0,0.2857142857142857,-2.154
1.5159999999999998,254.355,5.0,0.0,-3.46
2.408500000000001,124.208,1.0,0.75,-2.39
2.1075,218.322,3.0,0.0,-1.62
2.990000000000001,246.359,7.0,0.0,-3.091
1.3499,242.344,4.0,0.0,-3.36
1.7480999999999998,84.14299999999999,0.0,1.0,-1.33
1.9753,110.18099999999995,0.0,0.8571428571428571,-2.12
0.0586,128.15599999999998,0.0,0.75,-2.273
-0.8113000000000001,76.12400000000001,0.0,0.0,0.32
2.0608,240.444,0.0,0.0,-3.9
-0.6283800000000002,126.115,0.0,0.6666666666666666,-1.506
2.824020000000002,150.22099999999998,1.0,0.5454545454545454,-2.22
1.99502,92.141,0.0,0.8571428571428571,-2.21
3.2752000000000017,148.249,1.0,0.5454545454545454,-4.15
2.832600000000001,112.216,0.0,0.0,-4.47
2.752700000000001,98.18899999999998,3.0,0.0,-3.82
1.9725,70.135,1.0,0.0,-2.54
3.1243000000000016,293.754,4.0,0.55,-3.61
4.843900000000003,304.67,4.0,0.0,-4.88
0.6204999999999998,394.43900000000014,2.0,0.0,-3.68
2.4188000000000005,434.50400000000025,2.0,0.0,-4.31
1.7620999999999996,478.51300000000026,4.0,0.0,-4.13
0.8334000000000001,253.26900000000003,1.0,0.8421052631578947,-2.404
4.233520000000003,343.2170000000001,1.0,0.7391304347826086,-4.09
2.4547,252.731,0.0,0.0,-1.91
0.8210000000000011,380.662,2.0,0.3,-2.68
2.1609000000000003,257.437,3.0,0.0,-0.22
0.8210000000000011,380.662,2.0,0.3,-2.68
1.88018,144.388,0.0,0.0,-2.168
2.5017000000000005,131.389,0.0,0.0,-1.96
1.9864,119.378,0.0,0.0,-1.17
5.391500000000002,333.60400000000004,5.0,0.3529411764705882,-5.752000000000001
5.144700000000002,289.545,2.0,0.7058823529411765,-4.46
6.256760000000005,368.3690000000001,6.0,0.6923076923076923,-6.01
2.25242,189.243,0.0,0.9230769230769232,-2.07
1.803,229.715,5.0,0.4,-4.06
2.204,182.156,6.0,0.0,0.43
4.148200000000004,335.28200000000004,7.0,0.2608695652173913,-5.68
2.431,430.9340000000001,6.0,0.0,-4.19
1.2672999999999996,435.48100000000034,6.0,0.3225806451612903,-3.638
5.146200000000003,228.294,0.0,1.0,-6.726
-1.3750000000000009,266.257,2.0,0.4736842105263157,-1.95
-0.9368,112.088,0.0,0.75,-1.4880000000000002
-0.9762,60.056,0.0,0.0,0.96
-1.7672000000000003,168.112,0.0,0.75,-3.93
1.3755,86.13399999999999,3.0,0.0,-0.85
1.9882,287.343,8.0,0.0,1.144
3.4213000000000022,286.11400000000003,2.0,0.3333333333333333,-4.925
3.609600000000003,308.3330000000001,4.0,0.6956521739130435,-3.893
2.5621400000000008,354.8150000000001,3.0,0.5217391304347826,-3.79
2.02164,179.219,1.0,0.4615384615384615,-2.5810000000000004
